2025-09-05T18:52:21.927Z,warfighter-coder.html,cd44207ce95cb48748533a43ac11a05da4c6317f85f97b34bace18d38967bb08
2025-09-05T18:52:26.879Z,warfighter-coder.html,979df55c6cf96bda527452e90760fc531b1e5a256b8d7137f964f69c0df81d7e
2025-09-05T18:58:19.060Z,warfighter-coder.html,876f86666314cde1881ab56aaf6f8dc858bbca2fa75e48b7296627bb04df8c21
2025-10-10T18:42:59.518Z,forge.html,dcfeea19f5376faa9be063922c8bfab3bb9ef01842a3618689d742ad948ce6f2
2025-10-10T23:09:15.251Z,forge.html,56fd3ec8e32dd67cedc0f2e602954ba37b93a43bd764c5bb9a49854987d0e7f0
2025-10-12T02:32:45.966Z,forge.html,8a91363fe5f58abef8b3f1d5c0817e2603582ee429442258f83c5aefd59bf407
2025-10-12T02:38:21.105Z,forge.html,72b0057d25c5837076564153384877336b631359c292bcbf14ef7b12d8a1eb88
2025-10-12T02:41:19.978Z,forge.html,03b6e6d9f08d106b5a1b86fa1ddd57043d3a33c446fcc2e5ef9a154a84a81307
2025-10-12T02:42:32.146Z,forge.html,563ba96a2718e406951bf5f77e0d13efe02468260a9eec17887fefc6a1ca6ca0
2025-10-12T02:43:38.917Z,forge.html,a204a21800756e78050c1cd8f9e9b3a471de4b6bc873c4f01e4bf742f39fa6d7
2025-10-12T12:51:41.151Z,forge.html,b0dd5261f13fe8a833d9d11173cddab09b7b66c1d7ed86944debcac3adab83a2
2025-10-12T13:22:54.665Z,forge.html,5e7cd6c0138378ed3785561286405a35ee8f8ea72a7d8116f9c6af57de1d1a6c
2025-10-12T13:25:28.956Z,forge.html,b76bcea6821ce495c1ca76b8a9b51cd2b627d121b2c18b0b0187197c6064ef28
2025-10-12T13:58:04.331Z,forge.html,14f89605e75f851458df4315b542c19caf967324b73ab7f21e4f3923a270f56d
2025-10-12T14:09:10.630Z,forge.html,5ade16745b2ab3c2126343e059e3c81706309ae935bac43800a858a9743252ea
2025-10-12T14:27:42.214Z,forge.html,0887e252559025acda647db83d28eaf1bfe615188a2d7bcc4584f7fc8f7013ca
2025-10-12T15:14:41.292Z,forge.html,f8fbb507ca5e471444ca40e3d9ab3428f8cd56481525fae284ed2218c945fd05
2025-10-12T15:15:06.231Z,forge.html,f292ee772c0eb4278ab7a80c46a96e630237d453fa66eb04442c0d401ae21de4
2025-10-12T15:26:03.764Z,forge.html,ef14d615b143f7fe37b1c269d62e27f473198bbbf4cabb1b741313680f5c2797
2025-10-12T21:58:05.375Z,forge.html,b44c5b640d0d74f67435ca33c1147a66d57364e6fc32c536d12ff26aa7d30929
2025-10-12T21:58:43.908Z,forge.html,4af8f19c148edf01e1ed7c504b0ae6c6a0cd1d463986e3578693065cbf376cf9
2025-10-12T22:01:05.669Z,forge.html,efb6c168b4bd3855ae89d23a04c2d39786e92f63d48951754b087f55944cc857
2025-10-12T22:06:41.718Z,forge.html,0b6802bf65d1097d90c0dd1da6616f656ee42e5be2df1520fd0f90005ccb2b82
2025-10-12T22:20:14.123Z,forge.html,62163f95a1cf2b884be23aec15b51f49ea91aeed5bd77a586d0e012a0c2c853a
2025-10-12T22:22:08.863Z,forge.html,6553183fcaa97bde4dd13e296b0a3eb44e875f4b325cc9035cca73dd6e47b010
2025-10-12T22:22:46.946Z,forge.html,11d63be334a45312d928387b1e998543fba3ee630512d7582b3d838b55226b6a
2025-10-12T23:14:45.421Z,forge.html,d5b7a3b56460a1067c6f6028067022d2056f1e0df91768af2954792566ef2daf
2025-10-14T01:36:53.745Z,forge.html,a15f46a2b3094f23d764f71542a4b3a0a03b82685cc81c46155736736234e7ce
2025-10-14T22:08:11.970Z,forge.html,b5a62e1cee68b5e839088f8640a18a9205448b5fa6bae342af189ec8fd3306ca
2025-10-24T22:35:29.886Z,forge.html,f5038dbf4b8d3a40320a86feac5025c331566f92877dc445505344021a04dccb
2025-10-24T22:43:38.019Z,forge.html,f8edac4797ff59829025b599d01a58e281274ee5ce7cb79c4edbb465c771751e
2025-10-24T22:43:40.088Z,forge.html,e50642c4459d26930d8293278ca5537f60262c7d0045b7bc897b789b0b0bc0a0
2025-10-24T22:44:06.558Z,forge.html,7a3f3a816013bbca17b8b7c52d4ba0c5ed369cbb6757903974fc1ff5d9b4a167
2025-10-24T23:24:02.603Z,forge.html,034e3b3be2bc9f1c6db5b98a27e4bd2698fd009f29639cfb45896ecc9c878472
2025-10-28T23:12:43.001Z,Forge 2.5.html,4181f2ef0d65df7b637bdec6d8c0ded0ab15e7571f0617249bf1167def0d497e
2025-12-09T20:09:44.355Z,forge.html,05f6cc423691e4a5432c50775f8f182cf58e9f6fd5e7e9850f63d2d1dc562583
2025-12-09T20:09:49.834Z,forge.html,cc3bee4480b5300adcf5ea4097d8b40d97dc4fc9364adf0c09b207e80d83bb65
2025-12-09T20:10:22.896Z,forge.html,81f04004a383a4a48584801cd62c3978b46d2daf84d90093d1365908a02df88a
2025-12-09T20:33:02.943Z,Forge v2.8.html,eae1a094f2218b7f2ca73ee8b0436588619e53963ebd26231570899a36138a36
2025-12-09T20:33:16.097Z,forge.html,d9954cd33faebd9576fe928d97dc5e8415c7d659a41b63bdb02d011a35bcd2a4
2025-12-09T23:44:10.687Z,forge.html,397480157120ccd069fe2c5c3c7816f7bc42a5fbd7847e13b9307cbe823925b4
2025-12-09T23:44:36.863Z,Forge v2.8.html,fe0ee608bfdda135dc6f50bf8bfe3a90eae90a4aa99cc6f6650482950020ced4
2025-12-09T23:57:21.948Z,forge.html,74dcf0ec695701b775f43862fb91489a439132354c1dfd159f9b537c0685b3b0
2025-12-11T14:46:07.102Z,Forge v2.9.html,49cfc9049f4d6136b404e36faf264133c260112e0b0ac43ca801f9d16a085581
2025-12-12T13:49:59.737Z,Forge v3.0.html,782f388826eb911ef513ce7e51b0d36fc228a3fcf17ffd3da4e7f56488643c03
2026-01-22T14:27:50.328Z,Forge v3.1.html,966632891c3e4304598a773797ce7988516a04b6abecc598c07ccfaa76e9b2db
2026-01-22T14:28:16.468Z,Forge v3.1.html,704d06fb4a8a746302f627804f35bc1f1262be9256b5e6538b681163c390df9f
2026-01-25T16:56:15.530Z,Forge v3.1.html,79e7f041285254cc83677e42103624dacda84607a1f98b0a07e610a607cf8aa5
2026-02-02T01:17:26.118Z,Forge v3.2.html,d20cb430c5f419593a575413f55b0bcefbdb3ffdba6f4b5735b0b0f885886f25
2026-02-03T20:47:53.505Z,Forge v3.3.html,fd8796079065c28938a4df94d7214a84e7efdea15a8672e2a8b012fcb94993c5
2026-02-04T18:52:43.930Z,Forge v3.3.html,1c7e8eb98163156b9c76cbcd1c772524448c2d66a8e8d0cb0874989116944296
2026-02-06T14:55:08.042Z,forge.html,f3931bd4c83ca9d6aca1fe3d05db24f73b132eca5939d024127ae6985c0d3f23
2026-02-09T19:25:25.255Z,Forge.html,2745c4d4d8fafce1ecffb2373fe1f226ecd2852e88491c2d1a36aaddacb40414
2026-02-09T20:23:15.585Z,Forge v3.5.html,726ddefac25d0ccb54dc698c32f094030d85dcb2909b3368f13f6c54af752e49
2026-02-13T15:54:13.680Z,forge.html,530303c6b6f1d8526852dd87e17fe2dd8903ed2d581e7d89c4776ba1e70d0aca
2026-02-13T15:54:19.997Z,Forge.html,d14a38aec4a63a216c7e69f005475e94e73d760de70836038e66c00aa4586cbf
2026-02-13T19:21:36.053Z,Forge.html,f9264ca62171d04d5aacf10c1f427cf41f86b62d764a6fbbe474f591c50078d7
2026-02-16T01:27:30.647Z,Forge.html,030de092bcab7c8dd919f2fa5dbcad457d59c9f22a3143248d3c747154e6f276
2026-02-16T02:21:28.613Z,Forge.html,a02db6b6d8d1e02b8a14644097a8793f517b47df616c39fb2ffec1cde7e20037
2026-02-16T02:45:27.794Z,Forge.html,b34d712eca6f4051d5cbee692aff49495c5b132050860897684c081c67f96ccf
2026-02-16T16:52:36.927Z,Forge v4.html,1486e3a8dd88b07f78f3fea387337a2040001126580fea99fba30b2d9ea32f90
2026-02-17T17:17:24.452Z,Forge v4.html,18b2b58194d958de501600596b8a01b5bb3c16a906df448ae6a7a404643ea888
2026-02-21T13:14:22.884Z,Forge v4.1.html,8db3668f4987e017243e7c378ee1d3eb05601fa4bb057dd661db81c7cc802827
2026-02-21T16:07:27.159Z,forge.html,9955d5be0150814ce51d6076d7a73b123c3e5345b6960c42d6ace51901d896a0
2026-02-21T16:15:56.510Z,forge.html,730aa7b0c6e96b8ab62d187e28549156ffea8d4b4f939c65380a0d594d2a3bd3
2026-02-21T16:16:17.812Z,forge.html,b683bdb9b5a720103e30dbcb6e4ca48ba84534679f8eb1d3ab1e66bd949065fb
2026-02-21T16:25:52.076Z,forge.html,f8c594865edf7a2804377fae4eee067e101464a92d8b480a9f7645e1b3e142b0
2026-02-21T16:31:48.256Z,forge.html,6c31d552dd72a98a0bd7b088063e257b3fe11cfa379d7a99fa72c1fbf943ad95
2026-02-21T16:34:54.800Z,forge.html,8e8e7f55762d44a09370df999d85ca208c32796f6ad049be0eaeea4999c625bc
2026-02-21T16:40:50.705Z,forge.html,d7b242b371ed3686708135090befa9535d6e01277103d6de51639882d5a92653
2026-02-21T16:43:30.417Z,forge.html,93f85de123abe70077c2f953afdfe8c280202edf773b338cdd99d099d0bde156
2026-02-21T16:53:31.728Z,forge.html,1c40282e144e3a9b0d48cd297c4074736382da6b046065006be6a591f9796c36
2026-02-21T17:23:08.768Z,forge.html,bc9e5fa8b58d99cab2b07d87a4af52710eedf81d5e7fc685f3a478a8d78f6bad
2026-02-21T17:43:44.756Z,forge.html,fb80be5dd92a3a3955ed4caa19ea926bdb6bbbef84058fa7f1b497e5c10ece50
2026-02-21T17:59:46.639Z,forge.html,30a128e04447ac09ce8467ca6fc55996e0dc37b9dcd759b1ad73e8ec15f96a9f
2026-02-21T18:03:07.338Z,forge.html,6d67182ccaf43c510a6c243e73873817202cbb9bcda7d15b846b82311fb9f77c
2026-02-21T18:08:02.059Z,forge.html,18352de3816c088f9ee5d00e48cf9554d046731a20ab040791a582a1301a6039
2026-02-21T18:09:02.352Z,forge.html,cb7a443395e0c95f08eef42397cb96bd5b6a9d2b7d4fded64304fffb77ca8e56
2026-02-21T18:13:59.323Z,forge.html,6ab4fead57a46ac261c85259c0e9ff18a20fd7d6cc973d1e0b1165204b91adee
2026-02-21T18:23:40.663Z,forge.html,7c10d903b23c82ed3ca39f3f90616dd0a8b8335e005433baa29fb3a0fe572ac7
2026-02-21T18:28:41.850Z,forge.html,0b7e2b977a052c0d1a91da512bfeeef6bc11d8e433301fe0dc12a6ee948a8684
2026-02-21T18:30:41.888Z,forge.html,1242df410a01e7ddb1098fc757708834f64c5550a5bae92237f08e169d09cad2
2026-02-21T18:38:49.649Z,forge.html,f8d6ce6c8a71ac766c8f866fdf5060923e1bd9aca9daaafe401f5926189f00f8
2026-02-21T18:42:08.003Z,forge.html,5394a2386a99e9b75a49df4fdbd1e5c0defcbac87f0b3af9063c11c5a452d937
2026-02-21T18:42:40.955Z,forge.html,d306a541aca461d61f3314cba6a69d332445d0439e7ea5ae152cb9d4fcfe4418
2026-02-21T18:46:34.969Z,forge.html,5d2963c412795ad1657cd103dc6f23479bef0307fa7cc7f6517a7f74e1cdb690
2026-02-21T18:52:49.711Z,forge.html,4c67869ce24ac862d05008f7bb8db982adea7c84151ad538ac8a2e9700f17304
2026-02-21T18:55:47.466Z,forge.html,7de3813a3acdfffc33da833fb5305b339005625bba382c6d873b8526123bb75e
2026-02-21T18:57:24.506Z,forge.html,b43f3578d09585ed08852418f58dfa7ca3eefa10372d86f320028be538e7d22a
2026-02-21T19:00:57.720Z,forge.html,7da48c971893baf3d225936e3c560d09d23a443d289499ee4fee7d0e88a820e5
2026-02-21T19:15:05.983Z,forge.html,81ec0eb2ea091f878e889bb30f43ba52022fd69b448d74ca184d4ca0657c9439
2026-02-21T19:19:33.056Z,forge.html,d01649c3f02af8fe59a24acbe703b19596b1c64125304cd11b72eb8c84758908
2026-02-21T21:34:15.043Z,forge.html,320bb89ed6b649bcb2ffa3e9ba9cabe013c9f61f9534e86000a5fa4294bc33a3
2026-02-21T21:52:59.048Z,forge.html,662db2f6f58939d6bde8841d1f78387ff565e54d759470793f3969bbcfab5d84
2026-02-21T22:02:55.392Z,forge.html,e2280e34e5cd5c3582d877910e273eb2c6035b088a39a49d45ef61a194534f02
2026-02-22T00:22:42.573Z,forge.html,5637f317b0f23136b7092ccc1da522cd3144c954c0f29e4d95f1b37222403f55
2026-02-22T00:24:38.666Z,forge.html,e9d09ded60d58f8c18a6097ff5de57070a85dd0492327f96574717f1c96b54ee
2026-02-22T16:32:33.980Z,forge.html,e2607047b8ff06746fda84e9989ae9221ebe264a421d92c35e2b2cd7e280efa7
2026-02-22T21:40:31.600Z,forge.html,22775a8cc2b20b995eacb5c605cbab2f19fc68680551a81d5241e4d84caf667f
2026-02-22T21:45:06.739Z,forge.html,3d4b7825d1b46801640769f4c8d0f0f34564b0c1124805b356d1928910954f5f
2026-02-22T22:03:13.893Z,forge.html,f7b931492c93961dbbe136072e93f96a63366f4cc769610e63e9d343494d430b
2026-02-23T13:04:21.264Z,Forge v5.html,34500609cbcd7287a6c507e0017fa19b84635afddbd053b4e86a6412d5c60817
2026-02-23T13:21:42.235Z,forge.html,644cd04c0f655c0c055b3379bf30a2740a934a28dee071555b3232b1784650a7
2026-02-23T13:44:40.402Z,forge.html,ed90f34b55e445e37317243f0987caefe105ef2546034673283a0cc961e9e8be
2026-02-23T13:50:09.537Z,forge.html,dd86e114d7e461f0a402059c1b935922f23ad7561945a4767913d12303219c3e
2026-02-23T13:51:10.118Z,forge.html,e2edbb1d1c44e57930c679c6f375ee6395f1851fb4fce95668da36c5c7db32d3
2026-02-23T14:02:07.407Z,forge.html,9b59d74cb6d32ef7a92c643ffb2f89f854fe9cda22b151c0fc7e89c4a467fbf5
2026-02-23T15:39:55.315Z,Forge v5.html,3ff2b5fa10dc0e2006287f649a7e9b93fbd277f78ba9e084dc2d73159044d501
2026-02-23T15:43:14.953Z,Forge v5.html,73a48d171601bfe5a9120235320e30b3a992f81c9040441607b3ad827c8ff624
2026-02-23T15:49:09.450Z,Forge v5.html,4d6f88eb7710675549f2c56bcc227a33d14a2899191ec3d0eb364d1df1e580ea
2026-02-23T15:49:19.299Z,Forge v5.html,cc580d86d434b5b397ced75eadf4e693964ca183f272b98a49a6103b992cfd99
2026-02-23T16:02:25.476Z,forge.html,6d2f8eb6c750c105aa4d78955c1af42560975fdb7f89b09974a58b1fc80067ce
2026-02-23T16:14:08.634Z,Forge v4.5.html,83e29c4283c98fa500954d0faba10b0b387095a4acbeeeb6fa36f2e0b5436a67
2026-02-24T03:20:15.073Z,forge.html,7d503d53a08f2f56745a9eb1535db2d6b43a62e127909d3f26e8a88f4461637c
2026-02-24T03:39:01.833Z,forge.html,eaeb83d370a09fbcd984c55c3e4e1517671ab18c20f4a2841c7bcce1a0827150
2026-02-24T04:44:17.786Z,forge.html,5a6f20b2fc338847d2e0d55275f1358c4c33cd655f62d04b5de010246ba01b2e
2026-02-24T04:52:50.746Z,forge.html,6e868587014ad37017f8d61f00143c3d801ce2690c6e4b12c48724a25d8a215c
2026-02-24T04:58:07.354Z,forge.html,5d1283a7d2b9ecdc269dc58749652c5b50a5e89f904e7a15bf5476e967a8dd2f
2026-02-26T17:45:23.136Z,forge.html,1bfd1df21c942b0e58a90ddd22b16cd8ee5f168dbcdd390dd75b0c2fae5ef203
2026-02-26T18:04:21.766Z,forge.html,cd311b8b8261760e85539fd9edc6d4205f1bb03755c56919379104741ad32fd7
2026-02-26T18:23:07.890Z,forge.html,218ac4685e600e40e14297ab34ffe88755ad523492b9d0ddf61fec32ec566487
2026-02-26T18:36:26.934Z,forge.html,aa10eca622f3b1f5fc9841236ca11454ec6118cc093abd6afad9d8082d9e0d09
2026-02-26T18:51:03.471Z,forge.html,7e2106da14d4b37cf9372a6559c6e0a00d2df841d6d7b7a47d6442af5e630922
2026-02-26T18:57:57.901Z,forge.html,976f95459d018272d33af8d59923f35cbc63e37782fc4603c93bf288c2b62c7f
2026-02-26T19:08:07.808Z,forge.html,0a892cb554c3cb32d1f8b20be4dbc9aa72f2b7d27254c65f3b95c2fcbfacd180
2026-02-26T20:49:33.143Z,forge.html,aee84bac749192d1f7082838c1df90df05c04cf53977c73f54bb83a79aad4ce3
2026-02-27T00:36:53.034Z,forge.html,54e564d5274d479f73e9a519ff4276b046a53488d8b5f4620c28d56606e189a3
2026-02-27T13:15:22.198Z,forge.html,a018340a2a88b93118c8cad04edf1614157ecff9fe7fcde5b0f1eda7a62aa0aa
2026-02-27T16:26:30.424Z,forge.html,9a1ee5564e86b4a97dc8d180d5e3fa24e48ffb873b83665bd2945af561fbf2bf
2026-02-27T16:26:48.384Z,forge.html,194df0ee9515c9a9a03cb01a5903028890d0bbc51ef472f1f9154b1acd2f1275
2026-02-27T17:20:21.807Z,forge.html,6aa9ed72bd1b9ca172c114ab5eea8482df2726916e5386f519e1d39ca702b80c
2026-02-27T17:53:23.184Z,forge.html,a89d1b5059811907211d45eb9c021f0acc12adde8cf29bc0988540508f8261dc
2026-02-27T17:59:04.003Z,forge.html,26a4f140e6d2645dd576017496d155d5293e800d467b61067dda28efe1a20552
2026-02-27T18:00:41.404Z,forge.html,6707f53ba21bf73ae8e42fc02d56ba587ae9b43c3d8c487adae7df106fbd9ab7
2026-02-28T21:52:25.952Z,forge.html,32786e87230f1da05aa05110d9556f769a6837e55ee1b3b2e905de1247c98655
2026-03-02T20:14:57.278Z,forge.html,1a11fa7b1d9317d96d21d70cd4f8be5461136e9718818ecb21dad4dcc346ab9d
2026-03-02T20:15:28.283Z,forge.html,4a55ad77626026fb604f229a48a53224aa91b28dc2c4b11eb1eeeded606506a9
2026-03-02T20:21:57.815Z,forge.html,ea6434f44a50f2398c2cc13bb8f608e99553198e00d02b3df2d69f94fcd75055
2026-03-02T22:11:35.139Z,forge.html,e6166262bfc75da987a2557f8ebdd8c46f6525da5240a4108309a22338da4f10
2026-03-03T01:30:10.384Z,forge.html,dd4a2bad37136e5a0d62fa2c6dd3d962e74d7fe9d02593e111dbd2b0598fb094
2026-03-06T15:21:20.508Z,forge.html,e89fb63d657b55d57922a663fd6080543c9efa532fc83237d0fb145a56c660eb
2026-03-06T15:24:08.465Z,forge.html,644697be5a5f84e8c6bcd744974c6f27e0c7b0e236eda9f9c29559cb39fb6348
2026-03-07T22:38:59.958Z,forge.html,b3ac632f9e4101e837f9837f5f57a442fb2c8b70561c6e0f4003009e271dc29d
2026-03-08T02:37:28.414Z,forge.html,4a098bd2be477c47c7d3f81b42f46ecee6816428a198c132385894c910e80ea9
2026-03-08T02:50:46.592Z,forge.html,9eb0fe14e32c5c1c132ec24b028df41b151d6b296eabf420ac633d9592fac52a
2026-03-08T03:12:57.185Z,forge.html,9cfe722ce9bd786d8dcb44e98ee9ce480cfc1bbc1c5572b78c9698ea67cf425a
2026-03-08T03:14:46.264Z,forge.html,08d121277c8d88543aa020ae1ad5cd88f8e2c9ba2e60e7f54b7fdbd389e70929
2026-03-08T03:23:06.576Z,forge.html,920bb30f06534f9e7da0f2d5b47923bbbd4c44251720324a02d3607c7371a852
2026-03-10T14:26:13.551Z,forge.html,cf3b3587fd08b9b1d4d892930999384c8ddc9ace47ab7adce938b8b51ac5142c
2026-03-10T14:35:44.237Z,forge.html,92f163aa17bba993172314c37c1b7d4a5c7e87beaae030c1de7f21ae8da9c0f1
2026-03-10T16:13:02.013Z,Forge v1.4.html,41b397024e3c54ff5f4089247db50a50bae81ce6970485ac490d8d54327a0ce6
2026-03-10T16:50:36.688Z,forge.html,c3c63775a19129f33edde9eaa945fdab90c8ff1f9bf5e3bbb6f5744cada1fff4
2026-03-10T16:58:45.081Z,forge.html,62742fc3ccb88485dddf8f1e64829606ca7cf58ea35ae770a61576765b92b4e8
2026-03-10T17:18:09.941Z,forge.html,fb71236d35cbfb1205403c5fe0f120e29ea4ce2b8926c2c38d9cef437f0227f0
2026-03-10T17:44:15.923Z,forge.html,e009d92a6bc1e20813840b92051e85a94208e36cdfcc48cc9c06a5a7318452ef
2026-03-11T02:30:16.571Z,Forge v1.5.html,8f70f76d85b5d98f01435d10a8921eb5e12132dedb7b0be6dbde592df9982860
2026-03-11T02:35:50.531Z,forge.html,cc3876a0590ab23c4b1495dcd547ee17975d1fc55e1d65457742e99d502b0bd4
2026-03-11T02:39:54.604Z,forge.html,cd0cc6c4c4170f7a0c07e41ed65988cf9f00374f5396ed73d5b6406ae54c4f71
2026-03-11T02:52:11.861Z,forge.html,dbd7332faf41a88d991ccd1ca2f056d4c9b103cafd88306627e50c40777d3477
2026-03-11T02:57:17.480Z,forge.html,e3ec1ea4dab117d696a90aba4a5667e316bdc2a1f26ba51aecb1177066508bfb
2026-03-11T20:02:01.047Z,forge.html,015db7fe5b92937f3208ec8b9306efa4e13df689e7f762b04ebbea7f6e90752d
2026-03-11T20:26:04.492Z,forge.html,8fa8ddb4107e6c3817508792715fd9fc97c7c36b2f071d377fe0303733bdd010
2026-03-11T20:29:13.972Z,forge.html,4bad873533f59bbb46e953d7fbcee5e0547d8432db1f339f58381028ff6fd7c1
2026-03-11T20:34:42.646Z,forge.html,879a3e5dc7e67f7b1a65be984853017dda2c6d302514f21dccb515653b1197bc
2026-03-11T20:40:21.059Z,forge.html,75abc1d726a61a68f1b44f2f89adc92f5421899afb8dae3ecc0b65128062ff41
2026-03-11T20:43:35.980Z,forge.html,c16c579095d9c0d4471ffa363cbccad801054347c9c7660d267504f8cd9ecbf7
2026-03-11T20:47:17.330Z,forge.html,4b38d27ad17c884f9f565b5797b4495de0ac6ade72a6cdb38c475bb7a44f7589
2026-03-12T03:25:53.710Z,forge.html,be28e52460e07e43f907bb525ac99e321cc7b719c111073e05c640d1573efa5d
2026-03-12T13:50:00.286Z,forge.html,c5054ef05863dbb6f91784da4ff1a9169ae851c71d04f5746e80ba4dda534990
2026-03-13T04:49:13.327Z,forge.html,bac44d7308eb8c3dbde1543c1b2adcc93cd3f3c3bd08e1f10e1fa5e1ea73d9db
2026-03-13T16:17:32.004Z,forge.html,4bb1ca00ea2d57e10d57282569eb8f7bc84ec988da78f2e0f391fb05773f473e
2026-03-13T16:36:40.097Z,forge.html,acecb13a90858551a0ed0afea369e5c0029af2c61e9928e18036f63e76cc83f6
2026-03-21T17:39:42.206Z,forge.html,2190debe9f68766b20a6611c5305ca92370b3a69f9b6b089509d73305a483fc4
2026-03-21T18:12:02.620Z,forge.html,582381af2e4fa0120b2508bd7573442889c287c4a4e2e25059c4d8780ba8f23b
2026-03-21T18:53:02.057Z,forge.html,88bcb02a74d43822ffc58ba9635e86ed6d55fbc73505794b11e9cc451ec22a01
2026-03-21T20:54:52.449Z,forge.html,59cb51421e607532e9af03e16f3dce7529314bd8c21a6cf756bbe6cb2ecfcb9f
2026-03-21T21:52:55.925Z,forge.html,1ebdb44ff7ccbbef173421ec45b08c99b986d1f6a34be30ac803daa2ecfbceef
2026-03-22T20:39:54.437Z,forge.html,2bc3c2bc063112f4eed8b4fef3ddd45d3f0c5aaa519d6c4eb604dcc12cf2e3c2
2026-03-22T20:45:53.583Z,forge.html,888c74de25c9c611bcf1d6f1ca5aa44784bb50abaa9579f6713d99a9fc1f9bea
2026-03-22T20:58:25.835Z,forge.html,9fe3b9ec9cfb919d5f00bb7cc3321494d74b3c548d012d1ecf893ad1a03caaa9
2026-03-22T21:07:42.178Z,forge.html,1418841c2332b5366eb49932959686e2491d6c9ed44d4cc7876d6cf5c3f8edc1
2026-03-24T21:13:53.493Z,forge.html,ae0b198565ba08edd03ece6e89620cc8f688eeab749953d79a0ceb5090c49ade
2026-03-24T21:16:48.301Z,forge.html,cb07a2ec9d7a1d6d5ab5776e2fc742673f8a4d0ff0c7ca926648fa8a2dce9a4a
2026-03-24T21:40:40.355Z,forge.html,e808d76e2372eeffb50bec03e42372a8802e137e2d8441f97d9dcf74497ea878
2026-03-24T21:50:43.166Z,forge.html,67b93aa308193c7277d1b758fa761ef3eec14b64dbe3052a856590136eb21080
2026-03-24T21:56:51.177Z,forge.html,3b36a44e811628362c2507699e198d4cf9bc4d292e0304a43425190e11b8df5f
2026-03-24T22:14:14.016Z,forge.html,0a4a66b0e82ee9875397e8a050ff1d9f0d9fd957b17299c0f2115e40f0d6560b
2026-03-24T22:48:09.549Z,forge.html,1924612609d44c021866aaf31c8b9773ead901c789b09e117f9a8296626f2247
2026-03-24T22:48:54.589Z,forge.html,22bfbbf92c854470dd1786bab550c5b2f4e55a25d286a46bc3671b2ac70ef719
2026-03-25T17:53:52.586Z,forge.html,c5a5cb22c97e10c1edd026e30b9e5f730a0342a17df5c6350e39958e36d54816
2026-03-25T19:27:54.066Z,forge.html,808526912e3c323ffa698a925020cdab680fe6874e249cb54e82bfc4609b2213
2026-03-26T15:37:32.076Z,forge.html,86c2c6bd7d7618a3cf68b2fe2469c0ba0747988c9deb5346cffe12355f26bbb7
2026-03-26T23:03:45.289Z,forge.html,867de19e32bb9b30a339544b96333a96e8f81b7d59a74c71e7cdcca91ebb111c
2026-03-27T13:35:46.810Z,forge.html,62e71f0b288ef103b83b472ebc239ce2c6fb70474ef4bdd91e0c7beb3388f051
2026-03-29T00:04:22.772Z,Forge v2.0.html,579887014b57a56e20c04c10ad9f76ccdee971376fddaaeda59e2ba446d921bd
2026-03-29T23:28:21.127Z,forge.html,5f600ea17ceb00043dd3c9fc62bf905a296ad19fbd8e65da7310f939f5633d88
2026-03-31T17:09:05.055Z,forge.html,f7f4a3afa455598600df2fee7b17860a881d443c0b382ac5721d8b18c00ff1e6
2026-03-31T17:24:05.631Z,forge.html,a4d871f0743f5416e7effc118bdeeafa2a270cea9dbd0e2bef8ece0891a3992a
2026-03-31T17:55:49.021Z,forge.html,b79ee2fafedd89449f7b179598e31de6d602a7e5601201e0302cfbb262944b50
2026-04-02T18:07:00.250Z,warfighter-coder-tool.html,a0f859491b6c95a0bdb3964e6e773098c8870f5efebe1b72081c06ecb9c7f63d
2026-04-02T19:16:11.447Z,warfighter-coder-tool.html,aaf277449dfe33ae07f3fa4260cc6da01102bb467b27a2d2a91db6a06b4a3b26
2026-04-07T15:22:13.605Z,warfighter-coder-tool.html,75aa87381541efeea14a71827111d767f5395ebbc4d7f1a7924b532cf6ae4ee3
2026-04-09T17:58:30.294Z,warfighter-coder-tool.html,83be37cc52fb2a2a007f4510ce547eb7d3db736d6e9010a5c043d3132ef2f410
2026-04-09T17:58:42.886Z,warfighter-coder-tool.html,a500b4654323350c4f138467c727a8716a354b3ef4b7d7526d1094ef40175b21
2026-04-09T18:01:08.538Z,warfighter-coder-tool - Only Secure in FS Sharepoint.html,866e11364a6b60306b5c3263af22abc2cc5ce98f6b6d5ffcb566c30907432f38
2026-04-09T18:02:55.244Z,warfighter-coder-tool.html,84020e1a4e862201529658ff4579f931e4fcc83037038a527e74c22202752036
2026-04-09T18:15:18.776Z,warfighter-coder-tool.html,699714fec4cff8eb005a6036ea177bd1b67455a2d53eb16efaeac34332f3339e
2026-04-09T18:23:03.163Z,warfighter-coder-tool.html,16692689345cd0970f5ead362fbc61c7a52a3e87c0aaa1527900867f6272a09e
2026-04-17T17:47:55.999Z,warfighter-coder-tool.html,8d71425f6ec0f95119e9845155e860553155b2606337b46f7d6a1975ed685103
2026-04-19T23:24:28.934Z,warfighter-coder-tool.html,cb498cb7ed81bad5e13037765547b7468ae796f6f4339126f98ee7ce86bd8cc1
2026-04-20T15:41:04.327Z,warfighter-coder-tool.html,c128e262cabac05bd3eb07693d7e71b163d9569853362779ee52135f8996d983
2026-04-20T16:03:56.632Z,warfighter-coder-tool.html,633b1aae4d72c0474cb539659800aae5ecb439d75910cb467a004efecede9bfd
2026-04-20T16:04:31.187Z,warfighter-coder-tool v1.0.html,fec9fc37e05f05d7c5dd3e8ee20520f57ff2705fba3fa1f7c3fb588eb553915a
2026-04-20T16:07:47.258Z,warfighter-coder-tool v1.1.html,2e65690c163c1baa568d3f193a432afc3b033c62c918baf361fc7583a5b27a66
2026-04-20T16:08:03.773Z,warfighter-coder-tool v1.1.1.html,a21374f2b86bb0291c9e7cbcbbde5e5118aa9571112e186511bf385c832b8111
2026-04-20T16:09:10.965Z,warfighter-coder-tool v3.0.1.html,588f1d6bbe08dbc18013f1ff3578467ac7768a06c0b650adc3709768b3753322
2026-04-20T16:12:06.991Z,warfighter-coder-tool v3.1.html,899332aef4c60e61dc1ac9dd55b82ec045c675b194fe5d28316f2428bdcf7958
2026-04-20T16:14:04.726Z,warfighter-coder-tool v3.2.html,7682231acd78a6a97456b1102a72c515dfbed798aa04703f318831d093415490
2026-04-20T16:15:27.718Z,Forge v3.0.html,ad45cfb79518ca97bf3389a170cf07b6236cfe7f1373b26eea4f027c2f9eeecf
2026-04-20T19:45:21.023Z,warfighter-coder-tool v3.0.1.html,d2817d530b60bcacc942478fa33a59590446615a3eb3458796d74cc61e5a77b0
2026-04-22T12:50:37.537Z,warfighter-coder-tool v3.1.html,0940e14e570f5a27e5c79dd857b80210aacaf0d98d76c66446be0a52cbbe05e0
2026-04-22T19:46:02.781Z,warfighter-coder-tool v3.1.1.html,8a6b47b44db1b25a262e4c0cfc4b4c03d718ce5c302140511aa499a5410d8be7
2026-04-23T20:07:18.075Z,warfighter-coder-tool v3.3.html,9164b63e91056ee2af45eec1eff2b3546bda3c1bccb061d01a37af62e31f53cb
2026-04-23T20:32:08.953Z,warfighter-coder-tool v3.4.html,f199ae961281546351e813f03c19c653eec912a05e48d1712590ad2495410848
2026-04-29T17:24:03.082Z,warfighter-coder-tool v3.4.html,7e6d236e025d8974f91040737868539859514c3e14d65ea586315258711c3c56
2026-05-05T18:55:44.606Z,forge - Only Secure in FS Sharepoint-current.html,b144e3dc30031d73f2fde0316019fa70f2a2862d83ca90d13f3fdbbb5359e7a5
2026-05-05T18:55:55.666Z,forge - Only Secure in FS Sharepoint-current.html,283e6d5769f3b42368d127b048f2d26af1c34ff09286849dbfaaec09caa59c7e
2026-05-18T23:10:15.569Z,forge v3.7.html,6c2dd5d4022f4a61602a2ed42640b8c84a25df60d202744fe8c770da659aadb9
2026-05-20T15:17:06.863Z,forge v3.8.html,9a72d42a8be149cf5cf7e1ac5d0002987806f7b851d3eb8ad258f9287747368b
2026-05-27T18:25:09.682Z,forge v3.9.html,02c509b5a4b73dbbe317fe0fbdf78b85fc63f76dc84638788d20cb14c18be51b
2026-05-28T17:55:54.832Z,forge v3.10.html,144f6a27f7b6d4ab14ecd2d1be7795f618a62886adc155069d6fd5d74241a55d
2026-05-28T17:56:07.641Z,forge v3.11.html,a7944d66741309f48924456f4193a32f0012b5585578fe8f46b34123fce5dd77
2026-05-28T17:56:17.917Z,forge v4.0.html,9a1673ad392648d76872a2698a636ce4c0e04bc9c3a00fbdf5d98c00a1a53681
2026-05-30T03:01:01.607Z,forge v4.1.html,6e7a04239de914c7bcb294bdeb9d0a2491a0b4a7dd13fadadf8d045a449d7a73
2026-05-30T03:20:02.505Z,forge v4.2.html,c9b081099501938c3259b004f212759539954e8e468fcf7922f0165325db2258
2026-05-30T12:31:18.755Z,forge v4.3.html,7ea686b5c4fae9600a11f5111543d48e25449929a72d363fadac6733d32a293a
2026-05-30T12:48:01.414Z,forge v4.4.html,397f4928fc95e1bc61e1b9042f9f847ed5c5a7bc245a6c4b0cf025034eaf3e15
2026-05-30T12:48:42.713Z,forge v4.5.html,97a0b677925fd973d720008794299ff275569ad53cdc8e3f81f5b391dcaaa532
2026-05-30T13:21:25.139Z,forge v4.6.html,11edd1623c841df579fad422f3d985babd900cbc189d5c3f0c87ff7820e66f66
2026-05-30T13:48:37.079Z,forge v4.7.html,950aef3137d58d8df07ab8cebeded0b3363992bf955f137af347587882ed97f6
2026-05-30T14:14:56.319Z,forge v4.8.html,efdaa0b585c39eb00e19d27067cae86e27ae0ea9293c9fb74a742d3d48eb8ced
2026-05-30T14:34:06.528Z,forge v4.9.html,9af66e37e91dd35bf789fee10de63abf90ab6811cb12d6c06533c2e8edda5a7a
2026-05-30T14:47:54.408Z,forge v4.10.html,a33dca66a7bbacb50e92f1930ffef268e8e4d418ffa1179d11d5585cd753fefe
2026-05-30T15:00:39.873Z,forge v4.11.html,048cff83f032e4bf623ef3cd1b949081aae0544257d3191d192f5238ec0111ac
2026-05-30T15:23:34.842Z,forge v4.12.html,99f4f3bbb275e7d61c88ecb1c878d7addbf5ffe904150f398ba38f7cbaa53d3e
2026-05-30T17:30:55.254Z,forge v4.13.html,4acaa2273b6f2f77dcf153f953080d037280169b8c326d3a9a840f5d109775f8
2026-05-30T17:38:39.886Z,forge v4.14.html,aa08e1a6342da4c8c7d4a098a57ee8342f01aed6294c85175d9a3974ef8f06e2
2026-05-30T18:11:53.033Z,forge v4.15.html,41780ffb758c8df21bc6e731207016ba61a0e79d70f213654246980c7e14a798
2026-05-30T18:12:17.549Z,forge v4.16.html,776b890e626f8e4c40785cf85034caa5e6f02bba2fa95e6d51763c1af40795be
2026-05-30T18:35:39.398Z,forge v4.17.html,b76457f3544a6b232f316693e94d6fc2d1f0a5b10ca14bab9c0bf9b5f8e83255
2026-05-30T19:07:57.660Z,forge v4.18.html,4f56319935101075356ca799e9ca1b079d1a0b593630d31dc14e48b57b1f1b88
2026-05-30T20:01:00.498Z,forge v4.19.html,8ebd44cb99a9f0699917ee7d10495252acbf04affb05c1981ce09f7d9852bb06
2026-06-02T14:34:53.796Z,forge v4.20.html,8826ef270feda17fc81634bf00b136373d1858a21ec72468264b0cf4c6f4153d
2026-06-02T14:36:31.032Z,forge v4.21.html,375a37a510c9b69eb7f44823556fb9083b9b02d5840345c9314a12c4065afa94
2026-06-02T14:39:21.203Z,forge v4.22.html,544a5bcbddaa96681b129e9faacf90a0d24f02f723fad6037acc8439a6110ec1
2026-06-05T00:11:05.401Z,forge v4.23.html,1c4a2fdc4d2ce34c150a8b6db14517ee845b784a20816ba3db9a5a378e57f40e
2026-06-05T18:18:32.589Z,forge v4.24.html,f25502e086544951434f6320364f1c33be7e03669d9bb7a465ab930458015987
2026-06-09T19:29:42.014Z,forge v4.25.html,a31eba2f882d5ca4577ee7ae6a5c32563a3bfea8e4695658b8179b15917812a4
2026-06-10T00:32:36.808Z,forge - Fusion Wiki File List-current.html,7a28ca1c6290d9fa98443f4a3fc75b386feddf70d8e5a92d5b354a5ec539b3d4
